{"dt":5.817486,"w":768,"h":576,"c":3,"thresh":0.240000,"hier_thresh":0.500000,"dets":[{"label":"car","prob":0.542268,"rect":{"x":456,"y":77,"w":217,"h":97}},{"label":"bicycle","prob":0.509336,"rect":{"x":99,"y":124,"w":457,"h":315}},{"label":"dog","prob":0.558766,"rect":{"x":116,"y":211,"w":204,"h":329}}]}