{"dt":5.438795,"w":773,"h":512,"c":3,"thresh":0.240000,"hier_thresh":0.500000,"dets":[{"label":"horse","prob":0.493722,"rect":{"x":6,"y":187,"w":146,"h":71}},{"label":"horse","prob":0.813255,"rect":{"x":222,"y":179,"w":236,"h":179}},{"label":"horse","prob":0.885061,"rect":{"x":0,"y":204,"w":320,"h":205}},{"label":"horse","prob":0.818568,"rect":{"x":425,"y":212,"w":169,"h":142}}]}