{"dt":6.003828,"w":773,"h":512,"c":3,"thresh":0.240000,"hier_thresh":0.500000,"dets":[{"label":"bird","prob":0.893585,"rect":{"x":114,"y":78,"w":509,"h":378}}]}