{"dt":5.996101,"w":500,"h":500,"c":3,"thresh":0.240000,"hier_thresh":0.500000,"dets":[{"label":"giraffe","prob":0.961540,"rect":{"x":177,"y":17,"w":241,"h":442}},{"label":"zebra","prob":0.865405,"rect":{"x":299,"y":198,"w":119,"h":263}}]}