{"dt":5.623387,"w":640,"h":424,"c":3,"thresh":0.240000,"hier_thresh":0.500000,"dets":[{"label":"person","prob":0.857074,"rect":{"x":185,"y":96,"w":89,"h":278}},{"label":"horse","prob":0.886999,"rect":{"x":404,"y":133,"w":201,"h":208}},{"label":"dog","prob":0.746660,"rect":{"x":67,"y":258,"w":136,"h":94}}]}